Ticker,ResultDate,DaysUntil,Purpose
EMAMILTD.NS,2026-05-21,0,Financial Results/Other business matters
ENGINERSIN.NS,2026-05-21,0,Financial Results
HAPPYFORGE.NS,2026-05-21,0,Financial Results/Dividend
ITC.NS,2026-05-21,0,Financial Results/Dividend
MAXHEALTH.NS,2026-05-21,0,Financial Results/Dividend
RVNL.NS,2026-05-21,0,Financial Results/Dividend
SUDEEPPHRM.NS,2026-05-21,0,Financial Results/Dividend/Other business matters
WELCORP.NS,2026-05-21,0,Financial Results/Dividend
COLPAL.NS,2026-05-22,1,Financial Results/Dividend
EICHERMOT.NS,2026-05-22,1,Financial Results/Dividend
HGINFRA.NS,2026-05-22,1,Financial Results
HINDALCO.NS,2026-05-22,1,Financial Results/Dividend
INDIGOPNTS.NS,2026-05-22,1,Financial Results
IRCON.NS,2026-05-22,1,Financial Results/Dividend
JUBLPHARMA.NS,2026-05-22,1,Financial Results/Dividend
MINDACORP.NS,2026-05-22,1,Financial Results/Dividend/Other business matters
NH.NS,2026-05-22,1,Financial Results/Dividend/Fund Raising/Other business matters
NTPCGREEN.NS,2026-05-22,1,Financial Results
SUNPHARMA.NS,2026-05-22,1,Financial Results/Dividend
TORNTPHARM.NS,2026-05-22,1,Financial Results/Dividend/Fund Raising/Other business matters
ANURAS.NS,2026-05-23,2,Financial Results/Dividend/Fund Raising
DIVISLAB.NS,2026-05-23,2,Financial Results/Dividend
HBLENGINE.NS,2026-05-23,2,Financial Results/Dividend
NTPC.NS,2026-05-23,2,Financial Results/Dividend
RAINBOW.NS,2026-05-23,2,Financial Results/Dividend/Other business matters
UNIVCABLES.NS,2026-05-23,2,Financial Results/Dividend/Fund Raising
ARE&M.NS,2026-05-25,4,Financial Results/Dividend
BCLIND.NS,2026-05-25,4,Financial Results/Dividend
CAMPUS.NS,2026-05-25,4,Financial Results/Dividend
MANINDS.NS,2026-05-25,4,Financial Results
POWERINDIA.NS,2026-05-25,4,Financial Results/Dividend
SUZLON.NS,2026-05-25,4,Financial Results
TECHNOE.NS,2026-05-25,4,Financial Results
TRAVELFOOD.NS,2026-05-25,4,Financial Results
AIAENG.NS,2026-05-26,5,Financial Results/Dividend
FLUOROCHEM.NS,2026-05-26,5,Financial Results/Dividend
IRCTC.NS,2026-05-26,5,Financial Results/Dividend
JKTYRE.NS,2026-05-26,5,Financial Results/Dividend
MARKSANS.NS,2026-05-26,5,Financial Results/Dividend
ONGC.NS,2026-05-26,5,Financial Results/Dividend/Other business matters
SIEMENS.NS,2026-05-26,5,Financial Results/Dividend
TCI.NS,2026-05-26,5,Financial Results
